driverId,1,driverRef,dob,nationality,appearances,winRate,driverName
1.0,61.0,hamilton,07/01/1985,British,207,0.2946859903381642,Lewis Hamilton
2.0,5.0,heidfeld,10/05/1977,German,177,0.02824858757062147,Nick Heidfeld
3.0,29.0,rosberg,27/06/1985,German,203,0.14285714285714285,Nico Rosberg
4.0,25.0,alonso,29/07/1981,Spanish,289,0.08650519031141868,Fernando Alonso
5.0,5.0,kovalainen,19/10/1981,Finnish,110,0.045454545454545456,Heikki Kovalainen
6.0,1.0,nakajima,11/01/1985,Japanese,36,0.027777777777777776,Kazuki Nakajima
7.0,2.0,bourdais,28/02/1979,French,25,0.08,SÌ©bastien Bourdais
8.0,11.0,raikkonen,17/10/1979,Finnish,266,0.041353383458646614,Kimi RÌ_ikkÌ¦nen
9.0,2.0,kubica,07/12/1984,Polish,76,0.02631578947368421,Robert Kubica
10.0,4.0,glock,18/03/1982,German,94,0.0425531914893617,Timo Glock
11.0,11.0,sato,28/01/1977,Japanese,88,0.125,Takuma Sato
12.0,,piquet_jr,25/07/1985,Brazilian,27,,Nelson Piquet Jr.
13.0,25.0,massa,25/04/1981,Brazilian,266,0.09398496240601503,Felipe Massa
14.0,8.0,coulthard,27/03/1971,British,212,0.03773584905660377,David Coulthard
15.0,3.0,trulli,13/07/1974,Italian,240,0.0125,Jarno Trulli
16.0,4.0,sutil,11/01/1983,German,124,0.03225806451612903,Adrian Sutil
17.0,16.0,webber,27/08/1976,Australian,210,0.0761904761904762,Mark Webber
18.0,23.0,button,19/01/1980,British,302,0.076158940397351,Jenson Button
19.0,,davidson,18/04/1979,British,23,,Anthony Davidson
20.0,47.0,vettel,03/07/1987,German,195,0.24102564102564103,Sebastian Vettel
21.0,10.0,fisichella,14/01/1973,Italian,220,0.045454545454545456,Giancarlo Fisichella
22.0,7.0,barrichello,23/05/1972,Brazilian,267,0.026217228464419477,Rubens Barrichello
23.0,5.0,ralf_schumacher,30/06/1975,German,173,0.028901734104046242,Ralf Schumacher
24.0,5.0,liuzzi,06/08/1980,Italian,79,0.06329113924050633,Vitantonio Liuzzi
25.0,4.0,wurz,15/02/1974,Austrian,66,0.06060606060606061,Alexander Wurz
26.0,,speed,24/01/1983,American,26,,Scott Speed
27.0,1.0,albers,16/04/1979,Dutch,43,0.023255813953488372,Christijan Albers
28.0,,markus_winkelhock,13/06/1980,German,1,,Markus Winkelhock
29.0,,yamamoto,09/07/1982,Japanese,20,,Sakon Yamamoto
30.0,12.0,michael_schumacher,03/01/1969,German,233,0.05150214592274678,Michael Schumacher
31.0,2.0,montoya,20/09/1975,Colombian,92,0.021739130434782608,Juan Pablo Montoya
32.0,1.0,klien,07/02/1983,Austrian,45,0.022222222222222223,Christian Klien
33.0,,monteiro,24/07/1976,Portuguese,36,,Tiago Monteiro
34.0,,ide,21/01/1975,Japanese,4,,Yuji Ide
35.0,8.0,villeneuve,09/04/1971,Canadian,160,0.05,Jacques Villeneuve
36.0,,montagny,05/01/1978,French,6,,Franck Montagny
37.0,7.0,rosa,24/02/1971,Spanish,100,0.07,Pedro de la Rosa
38.0,2.0,doornbos,23/09/1981,Dutch,11,0.18181818181818182,Robert Doornbos
39.0,6.0,karthikeyan,14/01/1977,Indian,48,0.125,Narain Karthikeyan
40.0,2.0,friesacher,26/09/1980,Austrian,11,0.18181818181818182,Patrick Friesacher
41.0,2.0,zonta,23/03/1976,Brazilian,39,0.05128205128205128,Ricardo Zonta
42.0,2.0,pizzonia,11/09/1980,Brazilian,18,0.1111111111111111,AntÌ«nio Pizzonia
43.0,,matta,19/09/1973,Brazilian,27,,Cristiano da Matta
44.0,13.0,panis,02/09/1966,French,119,0.1092436974789916,Olivier Panis
45.0,,pantano,04/02/1979,Italian,12,,Giorgio Pantano
46.0,,bruni,30/05/1981,Italian,16,,Gianmaria Bruni
47.0,,baumgartner,01/01/1981,Hungarian,20,,Zsolt Baumgartner
48.0,3.0,gene,29/03/1974,Spanish,34,0.08823529411764706,Marc GenÌ©
49.0,6.0,frentzen,18/05/1967,German,119,0.05042016806722689,Heinz-Harald Frentzen
50.0,3.0,verstappen,04/03/1972,Dutch,89,0.033707865168539325,Jos Verstappen
51.0,3.0,wilson,31/07/1978,British,16,0.1875,Justin Wilson
52.0,,firman,20/05/1975,Irish,13,,Ralph Firman
53.0,,kiesa,03/03/1978,Danish,5,,Nicolas Kiesa
54.0,4.0,burti,05/03/1975,Brazilian,14,0.2857142857142857,Luciano Burti
55.0,,alesi,11/06/1964,French,101,,Jean Alesi
56.0,7.0,irvine,10/11/1965,British,110,0.06363636363636363,Eddie Irvine
57.0,7.0,hakkinen,28/09/1968,Finnish,94,0.07446808510638298,Mika HÌ_kkinen
58.0,,marques,19/01/1976,Brazilian,22,,Tarso Marques
59.0,,bernoldi,19/10/1978,Brazilian,28,,Enrique Bernoldi
60.0,,mazzacane,08/05/1975,Argentine,20,,GastÌ_n Mazzacane
61.0,,enge,11/09/1976,Czech,3,,TomÌÁÁ Enge
62.0,1.0,yoong,20/07/1976,Malaysian,14,0.07142857142857142,Alex Yoong
63.0,1.0,salo,30/11/1966,Finnish,86,0.011627906976744186,Mika Salo
64.0,6.0,diniz,22/05/1970,Brazilian,76,0.07894736842105263,Pedro Diniz
65.0,3.0,herbert,25/06/1964,British,79,0.0379746835443038,Johnny Herbert
66.0,1.0,mcnish,29/12/1969,British,13,0.07692307692307693,Allan McNish
67.0,1.0,buemi,31/10/1988,Swiss,54,0.018518518518518517,SÌ©bastien Buemi
68.0,3.0,takagi,12/02/1974,Japanese,29,0.10344827586206896,Toranosuke Takagi
69.0,3.0,badoer,25/01/1971,Italian,24,0.125,Luca Badoer
70.0,1.0,zanardi,23/10/1966,Italian,15,0.06666666666666667,Alessandro Zanardi
71.0,3.0,damon_hill,17/09/1960,British,61,0.04918032786885246,Damon Hill
73.0,,rosset,27/07/1968,Brazilian,25,,Ricardo Rosset
74.0,,tuero,22/04/1978,Argentine,15,,Esteban Tuero
75.0,,nakano,01/04/1971,Japanese,33,,Shinji Nakano
76.0,,magnussen,04/07/1973,Danish,23,,Jan Magnussen
77.0,10.0,berger,27/08/1959,Austrian,107,0.09345794392523364,Gerhard Berger
78.0,,larini,19/03/1964,Italian,32,,Nicola Larini
79.0,1.0,katayama,29/05/1963,Japanese,32,0.03125,Ukyo Katayama
81.0,,morbidelli,13/01/1968,Italian,8,,Gianni Morbidelli
82.0,,fontana,20/01/1975,Argentine,3,,Norberto Fontana
83.0,,lamy,20/03/1972,Portuguese,14,,Pedro Lamy
84.0,1.0,brundle,01/06/1959,British,83,0.012048192771084338,Martin Brundle
85.0,,montermini,30/05/1964,Italian,4,,Andrea Montermini
86.0,,lavaggi,18/02/1958,Italian,3,,Giovanni Lavaggi
88.0,,suzuki,08/09/1960,Japanese,11,,Aguri Suzuki
90.0,,moreno,11/02/1959,Brazilian,12,,Roberto Moreno
92.0,,gachot,23/12/1962,Belgian,7,,Bertrand Gachot
94.0,,martini,23/04/1961,Italian,35,,Pierluigi Martini
95.0,14.0,mansell,08/08/1953,British,131,0.10687022900763359,Nigel Mansell
99.0,,tarquini,02/03/1962,Italian,26,,Gabriele Tarquini
102.0,17.0,senna,21/03/1960,Brazilian,88,0.19318181818181818,Ayrton Senna
103.0,,bernard,24/08/1964,French,1,,Ìäric Bernard
105.0,5.0,alboreto,23/12/1956,Italian,131,0.03816793893129771,Michele Alboreto
109.0,,lehto,31/01/1966,Finnish,4,,Jyrki JÌ_rvilehto
110.0,,cesaris,31/05/1959,Italian,132,,Andrea de Cesaris
112.0,,alliot,27/07/1954,French,76,,Philippe Alliot
114.0,,dalmas,28/07/1961,French,26,,Yannick Dalmas
117.0,37.0,prost,24/02/1955,French,148,0.25,Alain Prost
118.0,,warwick,27/08/1954,British,124,,Derek Warwick
119.0,2.0,patrese,17/04/1954,Italian,186,0.010752688172043012,Riccardo Patrese
122.0,,capelli,24/05/1963,Italian,45,,Ivan Capelli
123.0,1.0,boutsen,13/07/1957,Belgian,99,0.010101010101010102,Thierry Boutsen
127.0,,gugelmin,20/04/1963,Brazilian,25,,MaurÌ_cio Gugelmin
129.0,,grouillard,02/09/1958,French,9,,Olivier Grouillard
131.0,,modena,12/05/1963,Italian,26,,Stefano Modena
133.0,,caffi,18/03/1964,Italian,42,,Alex Caffi
134.0,,bertaggia,19/09/1964,Italian,6,,Enrico Bertaggia
136.0,,lammers,02/06/1956,Dutch,39,,Jan Lammers
137.0,20.0,piquet,17/08/1952,Brazilian,168,0.11904761904761904,Nelson Piquet
138.0,,satoru_nakajima,23/02/1953,Japanese,41,,Satoru Nakajima
139.0,,pirro,12/01/1962,Italian,9,,Emanuele Pirro
140.0,,johansson,08/09/1956,Swedish,88,,Stefan Johansson
141.0,,bailey,09/10/1961,British,16,,Julian Bailey
145.0,1.0,nannini,07/07/1959,Italian,56,0.017857142857142856,Alessandro Nannini
146.0,,schneider,20/07/1964,German,24,,Bernd Schneider
147.0,,barilla,20/04/1961,Italian,1,,Paolo Barilla
148.0,,foitek,27/03/1965,Swiss,6,,Gregor Foitek
152.0,,giacomelli,10/09/1952,Italian,70,,Bruno Giacomelli
153.0,3.0,alguersuari,23/03/1990,Spanish,44,0.06818181818181818,Jaime Alguersuari
154.0,4.0,grosjean,17/04/1986,French,123,0.032520325203252036,Romain Grosjean
155.0,2.0,kobayashi,13/09/1986,Japanese,76,0.02631578947368421,Kamui Kobayashi
156.0,,palmer,07/11/1956,British,81,,Jonathan Palmer
157.0,,danner,04/04/1958,German,40,,Christian Danner
158.0,,cheever,10/01/1958,American,136,,Eddie Cheever
159.0,,sala,15/05/1959,Spanish,25,,Luis PÌ©rez-Sala
160.0,,ghinzani,16/01/1952,Italian,105,,Piercarlo Ghinzani
161.0,,weidler,18/03/1962,German,4,,Volker Weidler
162.0,,raphanel,27/05/1961,French,11,,Pierre-Henri Raphanel
163.0,7.0,arnoux,04/07/1948,French,157,0.044585987261146494,RenÌ© Arnoux
164.0,,joachim_winkelhock,24/10/1960,German,1,,Joachim Winkelhock
165.0,,larrauri,19/08/1954,Argentine,21,,Oscar Larrauri
166.0,,streiff,26/06/1955,French,54,,Philippe Streiff
167.0,,campos,17/06/1960,Spanish,21,,AdriÌÁn Campos
168.0,,schlesser,12/09/1948,French,2,,Jean-Louis Schlesser
169.0,,fabre,09/01/1960,French,12,,Pascal Fabre
170.0,,fabi,09/03/1955,Italian,70,,Teo Fabi
171.0,,forini,22/09/1958,Swiss,2,,Franco Forini
172.0,6.0,laffite,21/11/1943,French,180,0.03333333333333333,Jacques Laffite
173.0,2.0,angelis,26/03/1958,Italian,110,0.01818181818181818,Elio de Angelis
174.0,,dumfries,26/04/1958,British,16,,Johnny Dumfries
175.0,2.0,tambay,25/06/1949,French,122,0.01639344262295082,Patrick Tambay
176.0,,surer,18/09/1951,Swiss,88,,Marc Surer
177.0,5.0,keke_rosberg,06/12/1948,Finnish,128,0.0390625,Keke Rosberg
178.0,12.0,jones,02/11/1946,Australian,117,0.10256410256410256,Alan Jones
179.0,,rothengatter,08/10/1954,Dutch,28,,Huub Rothengatter
180.0,,berg,01/08/1961,Canadian,9,,Allen Berg
181.0,,manfred_winkelhock,06/10/1951,German,55,,Manfred Winkelhock
182.0,25.0,lauda,22/02/1949,Austrian,174,0.14367816091954022,Niki Lauda
183.0,,hesnault,30/12/1956,French,20,,FranÌ¤ois Hesnault
184.0,,baldi,31/01/1954,Italian,41,,Mauro Baldi
185.0,,bellof,20/11/1957,German,22,,Stefan Bellof
186.0,,acheson,27/11/1957,British,9,,Kenny Acheson
187.0,5.0,watson,04/05/1946,British,154,0.032467532467532464,John Watson
188.0,,cecotto,25/01/1956,Venezuelan,23,,Johnny Cecotto
189.0,,gartner,24/01/1954,Austrian,8,,Jo Gartner
190.0,,corrado_fabi,12/04/1961,Italian,19,,Corrado Fabi
191.0,,thackwell,30/03/1961,New Zealander,5,,Mike Thackwell
192.0,,serra,03/02/1957,Brazilian,32,,Chico Serra
193.0,,sullivan,09/03/1950,American,15,,Danny Sullivan
194.0,,salazar,14/11/1954,Chilean,37,,Eliseo Salazar
195.0,,guerrero,16/11/1958,Colombian,29,,Roberto Guerrero
196.0,,boesel,04/12/1957,Brazilian,30,,Raul Boesel
197.0,,jarier,10/07/1946,French,143,,Jean-Pierre Jarier
198.0,,villeneuve_sr,04/11/1953,Canadian,3,,Jacques Villeneuve Sr.
199.0,12.0,reutemann,12/04/1942,Argentine,146,0.0821917808219178,Carlos Reutemann
200.0,1.0,mass,30/09/1946,German,114,0.008771929824561403,Jochen Mass
201.0,,borgudd,25/11/1946,Swedish,15,,Slim Borgudd
202.0,3.0,pironi,26/03/1952,French,72,0.041666666666666664,Didier Pironi
203.0,6.0,gilles_villeneuve,18/01/1950,Canadian,68,0.08823529411764706,Gilles Villeneuve
204.0,,paletti,15/06/1958,Italian,8,,Riccardo Paletti
205.0,,henton,19/09/1946,British,37,,Brian Henton
206.0,,daly,11/03/1953,Irish,64,,Derek Daly
207.0,12.0,mario_andretti,28/02/1940,American,129,0.09302325581395349,Mario Andretti
208.0,,villota,26/07/1946,Spanish,14,,Emilio de Villota
209.0,,lees,01/05/1951,British,12,,Geoff Lees
210.0,,byrne,06/05/1958,Irish,5,,Tommy Byrne
211.0,,keegan,26/02/1955,British,37,,Rupert Keegan
212.0,,rebaque,05/02/1956,Mexican,58,,Hector Rebaque
213.0,,gabbiani,02/01/1957,Italian,17,,Beppe Gabbiani
214.0,,cogan,31/03/1956,American,2,,Kevin Cogan
215.0,,guerra,31/08/1953,Argentine,4,,Miguel Ìngel Guerra
216.0,,stohr,10/10/1952,Italian,13,,Siegfried Stohr
217.0,,zunino,13/04/1949,Argentine,11,,Ricardo Zunino
218.0,,londono,08/08/1949,Colombian,1,,Ricardo LondoÌ±o
219.0,2.0,jabouille,01/10/1942,French,55,0.03636363636363636,Jean-Pierre Jabouille
220.0,,francia,08/11/1947,Italian,2,,Giorgio Francia
221.0,2.0,depailler,09/08/1944,French,95,0.021052631578947368,Patrick Depailler
222.0,10.0,scheckter,29/01/1950,South African,113,0.08849557522123894,Jody Scheckter
223.0,5.0,regazzoni,05/09/1939,Swiss,138,0.036231884057971016,Clay Regazzoni
224.0,14.0,emerson_fittipaldi,12/12/1946,Brazilian,149,0.09395973154362416,Emerson Fittipaldi
225.0,,kennedy,15/01/1953,Irish,7,,Dave Kennedy
226.0,,south,19/02/1952,British,1,,Stephen South
227.0,,needell,29/10/1951,British,2,,Tiff Needell
228.0,,desire_wilson,26/11/1953,South African,1,,DesirÌ© Wilson
229.0,,ertl,31/08/1948,Austrian,28,,Harald Ertl
230.0,1.0,brambilla,11/11/1937,Italian,78,0.01282051282051282,Vittorio Brambilla
231.0,10.0,hunt,29/08/1947,British,93,0.10752688172043011,James Hunt
232.0,,merzario,11/03/1943,Italian,84,,Arturo Merzario
233.0,,stuck,01/01/1951,German,81,,Hans-Joachim Stuck
234.0,,brancatelli,18/01/1950,Italian,3,,Gianfranco Brancatelli
235.0,8.0,ickx,01/01/1945,Belgian,121,0.06611570247933884,Jacky Ickx
236.0,,gaillard,12/02/1952,French,5,,Patrick Gaillard
237.0,,ribeiro,07/11/1948,Brazilian,20,,Alex Ribeiro
238.0,10.0,peterson,14/02/1944,Swedish,123,0.08130081300813008,Ronnie Peterson
239.0,,lunger,14/11/1945,American,42,,Brett Lunger
240.0,,ongais,21/05/1942,American,6,,Danny Ongais
241.0,,leoni,24/05/1953,Italian,5,,Lamberto Leoni
242.0,,galica,13/08/1944,British,3,,Divina Galica
243.0,,stommelen,11/07/1943,German,61,,Rolf Stommelen
244.0,,colombo,23/02/1946,Italian,3,,Alberto Colombo
245.0,,trimmer,24/01/1943,British,6,,Tony Trimmer
246.0,,binder,12/06/1948,Austrian,15,,Hans Binder
247.0,,bleekemolen,02/10/1949,Dutch,5,,Michael Bleekemolen
248.0,,gimax,01/01/1938,Italian,1,,Carlo Franchi
249.0,,rahal,10/01/1953,American,2,,Bobby Rahal
250.0,1.0,pace,06/10/1944,Brazilian,73,0.0136986301369863,Carlos Pace
251.0,,ian_scheckter,22/08/1947,South African,20,,Ian Scheckter
252.0,,pryce,11/06/1949,British,42,,Tom Pryce
253.0,,hoffmann,28/02/1953,Brazilian,6,,Ingo Hoffmann
254.0,,zorzi,12/12/1946,Italian,7,,Renzo Zorzi
255.0,1.0,nilsson,20/11/1948,Swedish,32,0.03125,Gunnar Nilsson
256.0,,perkins,18/03/1950,Australian,15,,Larry Perkins
257.0,,hayje,03/05/1949,Dutch,7,,Boy Lunger
258.0,,neve,13/10/1949,Belgian,13,,Patrick NÌ¬ve
259.0,,purley,26/01/1945,British,11,,David Purley
260.0,,andersson,28/12/1939,Swedish,5,,Conny Andersson
261.0,,dryver,19/09/1952,Belgian,1,,Bernard de Dryver
262.0,,oliver,14/08/1942,British,51,,Jackie Oliver
263.0,,kozarowitzky,17/05/1948,Finnish,2,,Mikko Kozarowitzky
264.0,,sutcliffe,09/05/1947,British,1,,Andy Sutcliffe
265.0,,edwards,30/12/1942,British,16,,Guy Edwards
266.0,,mcguire,13/12/1945,Australian,1,,Brian McGuire
267.0,,schuppan,19/03/1943,Australian,12,,Vern Schuppan
268.0,,heyer,16/03/1943,German,1,,Hans Heyer
269.0,,pilette,26/07/1942,Belgian,4,,Teddy Pilette
270.0,,ashley,26/10/1947,British,11,,Ian Ashley
271.0,,kessel,01/04/1950,Swiss,6,,Loris Kessel
272.0,,takahashi,29/01/1940,Japanese,1,,Kunimitsu Takahashi
273.0,,hoshino,01/07/1947,Japanese,2,,Kazuyoshi Hoshino
274.0,,takahara,06/06/1951,Japanese,2,,Noritake Takahara
275.0,,lombardi,26/03/1941,Italian,17,,Lella Lombardi
276.0,,evans,11/06/1947,British,12,,Bob Evans
277.0,,leclere,18/03/1946,French,8,,Michel LeclÌ¬re
278.0,,amon,20/07/1943,New Zealander,106,,Chris Amon
279.0,,zapico,27/05/1944,Spanish,1,,Emilio Zapico
280.0,,pescarolo,25/09/1942,French,59,,Henri Pescarolo
281.0,,nelleman,19/04/1944,Danish,1,,Jac Nelleman
282.0,,magee,17/11/1945,British,2,,Damien Magee
283.0,,wilds,07/01/1946,British,8,,Mike Wilds
284.0,,pesenti_rossi,31/08/1942,Italian,4,,Alessandro Pesenti-Rossi
285.0,,stuppacher,03/03/1947,Austrian,3,,Otto Stuppacher
286.0,,brown,24/12/1949,Australian,1,,Warwick Brown
287.0,,hasemi,13/11/1945,Japanese,1,,Masahiro Hasemi
288.0,,donohue,18/03/1937,American,15,,Mark Donohue
289.0,14.0,hill,15/02/1929,British,179,0.0782122905027933,Graham Hill
290.0,,wilson_fittipaldi,25/12/1943,Brazilian,38,,Wilson Fittipaldi
291.0,,tunmer,01/12/1948,South African,1,,Guy Tunmer
292.0,,keizan,12/09/1944,South African,3,,Eddie Keizan
293.0,,charlton,27/10/1936,South African,13,,Dave Charlton
294.0,,brise,28/03/1952,British,10,,Tony Brise
295.0,,wunderink,12/12/1948,Dutch,6,,Roelof Wunderink
296.0,,migault,04/12/1944,French,15,,FranÌ¤ois Migault
297.0,,palm,23/07/1947,Swedish,2,,Torsten Palm
298.0,,lennep,16/03/1942,Dutch,9,,Gijs van Lennep
299.0,,fushida,10/03/1946,Japanese,2,,Hiroshi Fushida
300.0,,nicholson,06/10/1941,New Zealander,2,,John Nicholson
301.0,,morgan,07/08/1944,British,1,,Dave Morgan
302.0,,crawford,13/02/1948,British,2,,Jim Crawford
303.0,,vonlanthen,31/05/1942,Swiss,1,,Jo Vonlanthen
304.0,8.0,hulme,18/06/1936,New Zealander,112,0.07142857142857142,Denny Hulme
305.0,,hailwood,02/04/1940,British,51,,Mike Hailwood
306.0,1.0,beltoise,26/04/1937,French,87,0.011494252873563218,Jean-Pierre Beltoise
307.0,,ganley,24/12/1941,New Zealander,39,,Howden Ganley
308.0,,robarts,22/09/1944,British,4,,Richard Robarts
309.0,2.0,revson,27/02/1939,American,31,0.06451612903225806,Peter Revson
310.0,,driver,13/05/1934,South African,2,,Paddy Driver
311.0,,belso,27/08/1942,Danish,4,,Tom BelsÌü
312.0,,redman,09/03/1937,British,13,,Brian Redman
313.0,,opel,14/10/1947,Liechtensteiner,13,,Rikky von Opel
314.0,,schenken,26/09/1943,Australian,36,,Tim Schenken
315.0,,larrousse,23/05/1940,French,2,,GÌ©rard Larrousse
316.0,,kinnunen,05/08/1943,Finnish,6,,Leo Kinnunen
317.0,,wisell,30/09/1941,Swedish,23,,Reine Wisell
318.0,,roos,12/10/1943,Swedish,1,,Bertil Roos
319.0,,dolhem,26/04/1944,French,3,,JosÌ© Dolhem
320.0,1.0,gethin,21/02/1940,British,30,0.03333333333333333,Peter Gethin
321.0,,bell,31/10/1941,British,14,,Derek Bell
322.0,,hobbs,09/06/1939,British,7,,David Hobbs
323.0,,quester,30/05/1939,Austrian,1,,Dieter Quester
324.0,,koinigg,03/11/1948,Austrian,3,,Helmuth Koinigg
325.0,,facetti,26/06/1935,Italian,1,,Carlo Facetti
326.0,,wietzes,28/05/1938,Canadian,2,,Eppie Wietzes
327.0,1.0,cevert,25/02/1944,French,47,0.02127659574468085,FranÌ¤ois Cevert
328.0,27.0,stewart,11/06/1939,British,100,0.27,Jackie Stewart
329.0,,beuttler,13/04/1940,British,29,,Mike Beuttler
330.0,,galli,02/10/1940,Italian,17,,Nanni Galli
331.0,,bueno,16/01/1937,Brazilian,1,,Luiz Bueno
332.0,,follmer,27/01/1934,American,12,,George Follmer
333.0,,adamich,03/10/1941,Italian,35,,Andrea de Adamich
334.0,,pretorius,22/11/1934,South African,4,,Jackie Pretorius
335.0,,williamson,02/02/1948,British,2,,Roger Williamson
336.0,,mcrae,05/03/1940,New Zealander,1,,Graham McRae
337.0,,marko,27/04/1943,Austrian,9,,Helmut Marko
338.0,,walker,10/06/1941,Australian,11,,David Walker
339.0,,roig,29/10/1932,Spanish,9,,Alex Soler-Roig
340.0,,love,07/12/1924,Rhodesian,10,,John Love
341.0,6.0,surtees,11/02/1934,British,112,0.05357142857142857,John Surtees
342.0,,barber,16/11/1936,American,6,,Skip Barber
343.0,,brack,26/12/1935,Canadian,3,,Bill Brack
344.0,,posey,26/05/1944,American,2,,Sam Posey
345.0,2.0,rodriguez,18/01/1940,Mexican,54,0.037037037037037035,Pedro RodrÌ_guez
346.0,2.0,siffert,07/07/1936,Swiss,100,0.02,Jo Siffert
347.0,1.0,bonnier,31/01/1930,Swedish,109,0.009174311926605505,Jo Bonnier
348.0,,mazet,24/02/1943,French,1,,FranÌ¤ois Mazet
349.0,,jean,27/07/1943,French,1,,Max Jean
350.0,,elford,10/06/1935,British,13,,Vic Elford
351.0,,moser,24/04/1941,Swiss,18,,Silvio Moser
352.0,,eaton,12/11/1945,Canadian,13,,George Eaton
353.0,,lovely,11/04/1926,American,11,,Pete Lovely
354.0,,craft,17/11/1939,British,2,,Chris Craft
355.0,,Cannoc,21/06/1933,Canadian,1,,John Cannon
356.0,14.0,jack_brabham,02/04/1926,Australian,128,0.109375,Jack Brabham
357.0,,miles,14/06/1943,British,15,,John Miles
358.0,6.0,rindt,18/04/1942,Austrian,62,0.0967741935483871,Jochen Rindt
359.0,,gavin,18/01/1942,French,12,,Johnny Servoz-Gavin
360.0,4.0,mclaren,30/08/1937,New Zealander,103,0.038834951456310676,Bruce McLaren
361.0,,courage,27/05/1942,British,29,,Piers Courage
362.0,,klerk,16/03/1935,South African,4,,Peter de Klerk
363.0,,giunti,30/08/1941,Italian,4,,Ignazio Giunti
364.0,4.0,gurney,13/04/1931,American,87,0.04597701149425287,Dan Gurney
365.0,,hahne,28/03/1935,German,3,,Hubert Hahne
366.0,,hutchison,26/04/1937,American,1,,Gus Hutchison
367.0,,westbury,26/05/1938,British,1,,Peter Westbury
368.0,,tingle,24/08/1921,Rhodesian,6,,Sam Tingle
369.0,,rooyen,19/04/1939,South African,2,,Basil van Rooyen
370.0,,attwood,04/04/1940,British,17,,Richard Attwood
371.0,,pease,15/10/1921,Canadian,2,,Al Pease
372.0,,cordts,23/07/1935,Canadian,1,,John Cordts
373.0,25.0,clark,04/03/1936,British,72,0.3472222222222222,Jim Clark
374.0,,spence,30/12/1936,British,36,,Mike Spence
375.0,1.0,scarfiotti,18/10/1933,Italian,13,0.07692307692307693,Ludovico Scarfiotti
376.0,,bianchi,10/11/1934,Belgian,19,,Lucien Bianchi
377.0,,jo_schlesser,18/05/1928,French,2,,Jo Schlesser
378.0,,widdows,27/05/1942,British,1,,Robin Widdows
379.0,,ahrens,19/04/1940,German,2,,Kurt Ahrens
380.0,,gardner,01/10/1930,Australian,9,,Frank Gardner
381.0,,unser,20/02/1934,American,1,,Bobby Unser
382.0,,solana,26/12/1935,Mexican,8,,MoisÌ©s Solana
383.0,,anderson,19/05/1931,British,26,,Bob Anderson
384.0,,botha,16/01/1930,South African,1,,Luki Botha
385.0,1.0,bandini,21/12/1935,Italian,44,0.022727272727272728,Lorenzo Bandini
386.0,1.0,ginther,05/08/1930,American,54,0.018518518518518517,Richie Ginther
387.0,,parkes,24/09/1931,British,7,,Mike Parkes
388.0,,irwin,27/06/1942,British,10,,Chris Irwin
389.0,,ligier,12/07/1930,French,13,,Guy Ligier
390.0,,rees,12/01/1938,British,2,,Alan Rees
391.0,,hart,07/09/1936,British,1,,Brian Hart
392.0,,fisher,13/03/1943,American,2,,Mike Fisher
393.0,,tom_jones,26/04/1943,American,1,,Tom Jones
394.0,1.0,baghetti,25/12/1934,Italian,26,0.038461538461538464,Giancarlo Baghetti
395.0,,williams,26/10/1942,British,1,,Jonathan Williams
396.0,,bondurant,27/04/1933,American,9,,Bob Bondurant
397.0,,arundell,08/11/1933,British,15,,Peter Arundell
398.0,,vic_wilson,14/04/1931,British,2,,Vic Wilson
399.0,,taylor,23/03/1933,British,5,,John Taylor
400.0,,lawrence,27/07/1933,British,2,,Chris Lawrence
401.0,,trevor_taylor,26/12/1936,British,29,,Trevor Taylor
402.0,,geki,23/10/1937,Italian,3,,Giacomo Russo
403.0,3.0,phil_hill,20/04/1927,American,52,0.057692307692307696,Phil Hill
404.0,1.0,ireland,12/06/1930,British,55,0.01818181818181818,Innes Ireland
405.0,,bucknum,05/04/1936,American,11,,Ronnie Bucknum
406.0,,hawkins,12/10/1937,Australian,3,,Paul Hawkins
407.0,,prophet,09/10/1937,British,2,,David Prophet
408.0,,maggs,09/02/1937,South African,27,,Tony Maggs
409.0,,blokdyk,30/11/1935,South African,2,,Trevor Blokdyk
410.0,,lederle,25/09/1938,South African,3,,Neville Lederle
411.0,,serrurier,09/12/1920,South African,3,,Doug Serrurier
412.0,,niemann,07/01/1939,South African,2,,Brausch Niemann
413.0,,pieterse,04/07/1938,South African,3,,Ernie Pieterse
414.0,,puzey,11/07/1941,Rhodesian,1,,Clive Puzey
415.0,,reed,,South African,1,,Ray Reed
416.0,,clapham,18/05/1931,South African,1,,David Clapham
417.0,,blignaut,30/11/1932,South African,1,,Alex Blignaut
418.0,,gregory,29/02/1932,American,45,,Masten Gregory
419.0,,rhodes,18/08/1927,British,1,,John Rhodes
420.0,,raby,22/09/1921,British,7,,Ian Raby
421.0,,rollinson,15/05/1943,British,1,,Alan Rollinson
422.0,,gubby,17/04/1934,British,1,,Brian Gubby
423.0,,mitter,30/08/1935,German,5,,Gerhard Mitter
424.0,,bussinello,04/10/1927,Italian,4,,Roberto Bussinello
425.0,,vaccarella,04/03/1933,Italian,5,,Nino Vaccarella
426.0,,bassi,20/01/1934,Italian,1,,Giorgio Bassi
427.0,2.0,trintignant,30/10/1917,French,85,0.023529411764705882,Maurice Trintignant
428.0,,collomb,07/10/1930,French,6,,Bernard Collomb
429.0,,andre_pilette,06/10/1918,Belgian,15,,AndrÌ© Pilette
430.0,,beaufort,10/04/1934,Dutch,31,,Carel Godin de Beaufort
431.0,,barth,26/01/1917,German,7,,Edgar Barth
432.0,,cabral,15/01/1934,Portuguese,5,,MÌÁrio de AraÌ¼jo Cabral
433.0,,hansgen,28/10/1919,American,4,,Walt Hansgen
434.0,,sharp,01/01/1928,American,6,,Hap Sharp
435.0,,mairesse,01/10/1928,Belgian,12,,Willy Mairesse
436.0,,campbell-jones,21/01/1930,British,5,,John Campbell-Jones
437.0,,burgess,06/07/1930,British,26,,Ian Burgess
438.0,,settember,10/07/1926,American,10,,Tony Settember
439.0,,estefano,18/11/1932,Argentine,5,,Nasif EstÌ©fano
440.0,,hall,23/07/1935,American,12,,Jim Hall
441.0,,parnell,25/06/1932,British,4,,Tim Parnell
442.0,,kuhnke,30/04/1910,German,2,,Kurt Kuhnke
443.0,,ernesto_brambilla,31/01/1934,Italian,1,,Ernesto Brambilla
444.0,,lippi,17/10/1926,Italian,3,,Roberto Lippi
445.0,,seiffert,18/10/1937,German,2,,GÌ_nther Seiffert
446.0,,abate,10/07/1932,Italian,2,,Carlo Abate
447.0,,starrabba,03/12/1932,Italian,2,,Gaetano Starrabba
448.0,,broeker,15/05/1926,Canadian,1,,Peter Broeker
449.0,1.0,ward,10/01/1921,American,12,0.08333333333333333,Rodger Ward
450.0,,vos,01/07/1941,Dutch,1,,Ernie de Vos
451.0,,dochnal,08/10/1920,American,1,,Frank Dochnal
452.0,,monarch,03/09/1945,American,1,,Thomas Monarch
453.0,,lewis,01/11/1936,British,11,,Jackie Lewis
454.0,,ricardo_rodriguez,14/02/1942,Mexican,6,,Ricardo RodrÌ_guez
455.0,,seidel,04/07/1926,German,13,,Wolfgang Seidel
456.0,,salvadori,12/05/1922,British,51,,Roy Salvadori
457.0,,pon,09/12/1936,Dutch,1,,Ben Pon
458.0,,slotemaker,13/06/1929,Dutch,1,,Rob Slotemaker
459.0,,marsh,20/07/1931,British,9,,Tony Marsh
460.0,,ashmore,25/07/1936,British,5,,Gerry Ashmore
461.0,,schiller,25/01/1930,Swiss,2,,Heinz Schiller
462.0,,davis,29/07/1933,British,3,,Colin Davis
463.0,,chamberlain,29/12/1925,American,3,,Jay Chamberlain
464.0,,shelly,02/02/1937,New Zealander,3,,Tony Shelly
465.0,,greene,05/01/1938,British,6,,Keith Greene
466.0,,walter,28/07/1927,Swiss,1,,Heini Walter
467.0,,prinoth,15/04/1923,Italian,2,,Ernesto Prinoth
468.0,,penske,20/02/1937,American,2,,Roger Penske
469.0,,schroeder,11/05/1926,British,1,,Rob Schroeder
470.0,,mayer,22/02/1938,American,1,,Timmy Mayer
471.0,,johnstone,30/01/1937,South African,1,,Bruce Johnstone
472.0,,harris,25/05/1939,South African,1,,Mike Harris
473.0,,hocking,30/09/1937,Rhodesian,1,,Gary Hocking
474.0,,vyver,01/06/1920,South African,1,,Syd van der Vyver
475.0,16.0,moss,17/09/1929,British,67,0.23880597014925373,Stirling Moss
476.0,2.0,trips,04/05/1928,German,28,0.07142857142857142,Wolfgang von Trips
477.0,,allison,08/02/1932,British,18,,Cliff Allison
478.0,,herrmann,23/02/1928,German,20,,Hans Herrmann
479.0,6.0,brooks,25/02/1932,British,39,0.15384615384615385,Tony Brooks
480.0,,may,18/08/1934,Swiss,4,,Michael May
481.0,,henry_taylor,16/12/1932,British,10,,Henry Taylor
482.0,,gendebien,12/01/1924,Belgian,17,,Olivier Gendebien
483.0,,scarlatti,02/10/1921,Italian,15,,Giorgio Scarlatti
484.0,,naylor,24/03/1923,British,9,,Brian Naylor
485.0,,bordeu,28/01/1934,Argentine,1,,Juan Manuel Bordeu
486.0,,fairman,15/03/1913,British,13,,Jack Fairman
487.0,,natili,28/07/1935,Italian,2,,Massimo Natili
488.0,,monteverdi,07/06/1934,Swiss,1,,Peter Monteverdi
489.0,,pirocchi,26/03/1933,Italian,2,,Renato Pirocchi
490.0,,duke,29/03/1923,British,1,,Geoff Duke
491.0,,thiele,05/04/1920,American-Italian,2,,Alfonso Thiele
492.0,,boffa,04/01/1930,Italian,1,,Menato Boffa
493.0,,ryan,10/06/1940,Canadian,1,,Peter Ryan
494.0,,ruby,12/01/1928,American,2,,Lloyd Ruby
495.0,,ken_miles,01/11/1918,British,1,,Ken Miles
496.0,,menditeguy,10/08/1914,Argentine,11,,Carlos Menditeguy
497.0,,larreta,14/01/1934,Argentine,1,,Alberto Rodriguez Larreta
498.0,2.0,gonzalez,05/10/1922,Argentine,26,0.07692307692307693,JosÌ© FroilÌÁn GonzÌÁlez
499.0,,bonomi,30/09/1919,Argentine,1,,Roberto Bonomi
500.0,,munaron,02/04/1928,Italian,4,,Gino Munaron
501.0,,schell,29/06/1921,American,57,,Harry Schell
502.0,,stacey,29/08/1933,British,7,,Alan Stacey
503.0,,chimeri,04/06/1921,Venezuelan,1,,Ettore Chimeri
504.0,,creus,28/10/1924,Spanish,1,,Antonio Creus
505.0,,bristow,02/12/1937,British,4,,Chris Bristow
506.0,,halford,18/05/1931,British,9,,Bruce Halford
507.0,,daigh,29/11/1923,American,6,,Chuck Daigh
508.0,,reventlow,24/02/1936,American,4,,Lance Reventlow
509.0,1.0,rathmann,16/07/1928,American,10,0.1,Jim Rathmann
510.0,,goldsmith,02/10/1925,American,3,,Paul Goldsmith
511.0,,branson,02/06/1920,American,2,,Don Branson
512.0,,thomson,09/04/1922,American,8,,Johnny Thomson
513.0,,johnson,10/02/1919,American,9,,Eddie Johnson
514.0,,veith,01/11/1926,American,5,,Bob Veith
515.0,,tingelstad,04/04/1928,American,1,,Bud Tingelstad
516.0,,christie,04/04/1924,American,5,,Bob Christie
517.0,,amick,19/01/1929,American,2,,Red Amick
518.0,,darter,05/05/1913,American,8,,Duane Carter
519.0,,homeier,31/08/1918,American,3,,Bill Homeier
520.0,,hartley,28/01/1926,American,8,,Gene Hartley
521.0,,stevenson,15/10/1919,American,5,,Chuck Stevenson
522.0,,grim,04/09/1924,American,2,,Bobby Grim
523.0,,templeman,12/08/1919,American,3,,Shorty Templeman
524.0,,hurtubise,05/12/1932,American,1,,Jim Hurtubise
525.0,1.0,bryan,28/01/1926,American,9,0.1111111111111111,Jimmy Bryan
526.0,1.0,ruttman,11/03/1930,American,9,0.1111111111111111,Troy Ruttman
527.0,,sachs,28/05/1927,American,4,,Eddie Sachs
528.0,,freeland,25/03/1925,American,8,,Don Freeland
529.0,,bettenhausen,12/09/1916,American,11,,Tony Bettenhausen
530.0,,weiler,09/12/1934,American,1,,Wayne Weiler
531.0,,foyt,16/01/1935,American,3,,Anthony Foyt
532.0,,russo,19/11/1925,American,4,,Eddie Russo
533.0,,boyd,19/08/1926,American,6,,Johnny Boyd
534.0,,force,15/06/1916,American,2,,Gene Force
535.0,,mcwithey,04/07/1927,American,2,,Jim McWithey
536.0,,sutton,09/08/1925,American,3,,Len Sutton
537.0,,dick_rathmann,06/01/1924,American,5,,Dick Rathmann
538.0,,herman,15/03/1927,American,5,,Al Herman
539.0,,dempsey_wilson,11/03/1927,American,2,,Dempsey Wilson
540.0,,mike_taylor,24/04/1934,British,2,,Mike Taylor
541.0,,flockhart,16/06/1923,British,14,,Ron Flockhart
542.0,,piper,02/12/1930,British,3,,David Piper
543.0,,cabianca,19/02/1923,Italian,4,,Giulio Cabianca
544.0,,drogo,08/08/1926,Italian,1,,Piero Drogo
545.0,,gamble,17/03/1932,American,1,,Fred Gamble
546.0,,owen,23/03/1915,British,1,,Arthur Owen
547.0,,gould,20/09/1918,British,18,,Horace Gould
548.0,,drake,14/12/1919,American,1,,Bob Drake
549.0,,bueb,06/06/1923,British,6,,Ivor Bueb
550.0,,Changy,05/02/1922,Belgian,1,,Alain de Changy
551.0,,filippis,11/11/1926,Italian,5,,Maria de Filippis
552.0,,lucienbonnet,07/01/1923,French,1,,Jean Lucienbonnet
553.0,,testut,13/04/1926,Monegasque,2,,AndrÌ© Testut
554.0,,behra,16/02/1921,French,52,,Jean Behra
555.0,,paul_russo,10/04/1914,American,8,,Paul Russo
556.0,,daywalt,28/08/1924,American,6,,Jimmy Daywalt
557.0,,arnold,30/05/1926,American,1,,Chuck Arnold
558.0,,keller,11/04/1920,American,5,,Al Keller
559.0,1.0,flaherty,06/01/1926,American,6,0.16666666666666666,Pat Flaherty
560.0,,cheesbourg,12/06/1927,American,3,,Bill Cheesbourg
561.0,,ray_crawford,26/10/1915,American,3,,Ray Crawford
562.0,,turner,12/02/1920,American,4,,Jack Turner
563.0,,weyant,03/04/1923,American,4,,Chuck Weyant
564.0,,larson,21/01/1923,American,2,,Jud Larson
565.0,,magill,08/02/1920,American,3,,Mike Magill
566.0,,shelby,11/01/1923,American,8,,Carroll Shelby
567.0,,orey,25/03/1938,Brazilian,3,,Fritz d'Orey
568.0,,fontes,26/12/1922,Uruguayan,1,,Azdrubal Fontes
569.0,,ashdown,16/10/1934,British,1,,Peter Ashdown
570.0,,bill_moss,04/09/1933,British,1,,Bill Moss
571.0,,dennis_taylor,12/06/1921,British,1,,Dennis Taylor
572.0,,blanchard,13/06/1929,American,1,,Harry Blanchard
573.0,,tomaso,10/07/1928,Argentine-Italian,2,,Alessandro de Tomaso
574.0,,constantine,22/02/1918,American,1,,George Constantine
575.0,,said,05/05/1932,American,1,,Bob Said
576.0,,cade,12/06/1916,American,1,,Phil Cade
577.0,1.0,musso,28/07/1924,Italian,25,0.04,Luigi Musso
578.0,3.0,hawthorn,10/04/1929,British,46,0.06521739130434782,Mike Hawthorn
579.0,24.0,fangio,24/06/1911,Argentine,51,0.47058823529411764,Juan Fangio
580.0,,godia,21/03/1921,Spanish,14,,Paco Godia
581.0,3.0,collins,06/11/1931,British,34,0.08823529411764706,Peter Collins
582.0,,kavanagh,12/12/1923,Australian,1,,Ken Kavanagh
583.0,,gerini,10/08/1928,Italian,7,,Gerino Gerini
584.0,,kessler,23/03/1936,American,1,,Bruce Kessler
585.0,,emery,12/11/1916,British,2,,Paul Emery
586.0,,piotti,27/10/1913,Italian,9,,Luigi Piotti
587.0,,ecclestone,28/10/1930,British,1,,Bernie Ecclestone
588.0,,taramazzo,05/05/1932,Italian,1,,Luigi Taramazzo
589.0,,chiron,1899-08-03,Monegasque,17,,Louis Chiron
590.0,,lewis-evans,20/04/1930,British,14,,Stuart Lewis-Evans
591.0,,george_amick,24/10/1924,American,1,,George Amick
592.0,,reece,17/11/1929,American,6,,Jimmy Reece
593.0,1.0,parsons,04/07/1918,American,9,0.1111111111111111,Johnnie Parsons
594.0,,tolan,22/10/1917,American,3,,Johnnie Tolan
595.0,,garrett,24/04/1933,American,2,,Billy Garrett
596.0,,elisian,09/12/1926,American,5,,Ed Elisian
597.0,,connor,09/10/1928,American,5,,Pat O'Connor
598.0,,jerry_unser,15/11/1932,American,1,,Jerry Unser
599.0,,bisch,10/11/1926,American,1,,Art Bisch
600.0,,goethals,04/08/1928,Belgian,1,,Christian Goethals
601.0,,gibson,16/04/1918,British,2,,Dick Gibson
602.0,,la_caze,26/02/1917,French,1,,Robert La Caze
603.0,,guelfi,06/05/1919,French,1,,AndrÌ© Guelfi
604.0,,picard,26/04/1921,French,1,,FranÌ¤ois Picard
605.0,,bridger,24/06/1934,British,1,,Tom Bridger
606.0,,portago,11/10/1928,Spanish,5,,Alfonso de Portago
607.0,,perdisa,21/10/1932,Italian,8,,Cesare Perdisa
608.0,,castellotti,10/10/1930,Italian,14,,Eugenio Castellotti
609.0,,simon,05/01/1920,French,12,,AndrÌ© Simon
610.0,,leston,16/12/1920,British,3,,Les Leston
611.0,1.0,hanks,13/07/1914,American,8,0.125,Sam Hanks
612.0,,linden,05/04/1922,American,7,,Andy Linden
613.0,,teague,22/02/1921,American,3,,Marshall Teague
614.0,,edmunds,23/09/1930,American,1,,Don Edmunds
615.0,,agabashian,21/08/1913,American,8,,Fred Agabashian
616.0,,george,15/07/1928,American,1,,Elmer George
617.0,,macdowel,13/09/1932,British,1,,Mike MacDowel
618.0,,mackay-fraser,23/06/1927,American,1,,Herbert MacKay-Fraser
619.0,,gerard,19/01/1914,British,7,,Bob Gerard
620.0,,maglioli,05/06/1928,Italian,10,,Umberto Maglioli
621.0,,england,28/03/1929,Australian,1,,Paul England
622.0,,landi,14/07/1907,Brazilian,6,,Chico Landi
623.0,,uria,11/07/1924,Uruguayan,2,,Alberto Uria
624.0,,ramos,07/12/1925,Brazilian,7,,Hernando da Silva Ramos
625.0,,bayol,28/02/1914,French,7,,Ìälie Bayol
626.0,,manzon,12/04/1917,French,29,,Robert Manzon
627.0,,rosier,05/11/1905,French,38,,Louis Rosier
628.0,1.0,sweikert,20/05/1926,American,5,0.2,Bob Sweikert
629.0,,griffith,06/02/1916,American,3,,Cliff Griffith
630.0,,dinsmore,10/04/1913,American,4,,Duke Dinsmore
631.0,,andrews,15/06/1920,American,2,,Keith Andrews
632.0,,frere,30/01/1917,Belgian,11,,Paul FrÌ¬re
633.0,,villoresi,16/05/1909,Italian,33,,Luigi Villoresi
634.0,,scotti,11/11/1909,Italian,1,,Piero Scotti
635.0,,chapman,19/05/1928,British,1,,Colin Chapman
636.0,,titterington,01/05/1928,British,1,,Desmond Titterington
637.0,,scott_Brown,13/05/1927,British,1,,Archie Scott Brown
638.0,,volonterio,07/12/1917,Swiss,3,,Ottorino Volonterio
639.0,,milhoux,09/12/1928,Belgian,1,,AndrÌ© Milhoux
640.0,,graffenried,18/05/1914,Swiss,23,,Toulo de Graffenried
641.0,1.0,taruffi,12/10/1906,Italian,18,0.05555555555555555,Piero Taruffi
642.0,5.0,farina,30/10/1906,Italian,34,0.14705882352941177,Nino Farina
643.0,,mieres,03/12/1924,Argentine,17,,Roberto Mieres
644.0,,mantovani,22/05/1929,Italian,8,,Sergio Mantovani
645.0,,bucci,04/09/1920,Argentine,5,,Clemar Bucci
646.0,,iglesias,22/02/1922,Argentine,1,,JesÌ¼s Iglesias
647.0,13.0,ascari,13/07/1918,Italian,32,0.40625,Alberto Ascari
648.0,,kling,16/09/1910,German,11,,Karl Kling
649.0,,birger,07/01/1924,Argentine,2,,Pablo Birger
650.0,,pollet,02/07/1922,French,5,,Jacques Pollet
651.0,,macklin,02/09/1919,British,15,,Lance Macklin
652.0,,whiteaway,01/11/1928,British,1,,Ted Whiteaway
653.0,,davies,08/08/1929,American,5,,Jimmy Davies
654.0,,faulkner,16/02/1920,American,5,,Walt Faulkner
655.0,,niday,29/04/1914,American,3,,Cal Niday
656.0,,cross,24/01/1918,American,4,,Art Cross
657.0,2.0,vukovich,13/12/1918,American,5,0.4,Bill Vukovich
658.0,,mcgrath,08/10/1919,American,6,,Jack McGrath
659.0,,hoyt,29/01/1929,American,4,,Jerry Hoyt
660.0,,claes,11/08/1916,Belgian,25,,Johnny Claes
661.0,,peter_walker,07/10/1912,British,4,,Peter Walker
662.0,,sparken,16/06/1930,French,1,,Mike Sparken
663.0,,wharton,21/03/1916,British,16,,Ken Wharton
664.0,,mcalpine,21/09/1920,British,7,,Kenneth McAlpine
665.0,,marr,14/08/1922,British,2,,Leslie Marr
666.0,,rolt,16/10/1918,British,3,,Tony Rolt
667.0,,fitch,04/08/1917,American,2,,John Fitch
668.0,,lucas,25/04/1917,French,1,,Jean Lucas
669.0,,bira,15/07/1914,Thai,19,,Prince Bira
670.0,,marimon,19/12/1923,Argentine,12,,Onofre MarimÌ_n
671.0,,loyer,05/08/1907,French,1,,Roger Loyer
672.0,,daponte,05/06/1923,Argentine,2,,Jorge Daponte
673.0,,nazaruk,02/10/1921,American,3,,Mike Nazaruk
674.0,,crockett,23/10/1926,American,1,,Larry Crockett
675.0,,ayulo,20/10/1921,American,4,,Manny Ayulo
676.0,,armi,12/10/1918,American,1,,Frank Armi
677.0,,webb,08/10/1910,American,4,,Travis Webb
678.0,,duncan,25/07/1911,American,1,,Len Duncan
679.0,,mccoy,19/02/1921,American,2,,Ernie McCoy
680.0,,swaters,30/10/1926,American,7,,Jacques Swaters
681.0,,georges_berger,14/09/1918,Belgian,2,,Georges Berger
682.0,,beauman,26/07/1928,British,1,,Don Beauman
683.0,,thorne,23/06/1916,British,1,,Leslie Thorne
684.0,,whitehouse,01/04/1909,British,1,,Bill Whitehouse
685.0,,riseley_prichard,17/01/1924,British,1,,John Riseley-Prichard
686.0,,reg_parnell,02/07/1911,British,7,,Reg Parnell
687.0,,whitehead,12/11/1914,British,12,,Peter Whitehead
688.0,,brandon,18/07/1920,British,5,,Eric Brandon
689.0,,alan_brown,20/11/1919,British,9,,Alan Brown
690.0,,nuckey,26/06/1929,British,2,,Rodney Nuckey
691.0,,lang,06/04/1909,German,2,,Hermann Lang
692.0,,helfrich,13/05/1913,German,3,,Theo Helfrich
693.0,,wacker,10/07/1918,American,3,,Fred Wacker
694.0,,riu,10/03/1925,Italian,1,,Giovanni de Riu
695.0,,galvez,17/08/1913,Argentine,1,,Oscar GÌÁlvez
696.0,,john_barber,22/07/1929,British,1,,John Barber
697.0,,bonetto,09/06/1903,Italian,16,,Felice Bonetto
698.0,,cruz,28/06/1923,Argentine,1,,Adolfo Cruz
699.0,,nalon,02/03/1913,American,3,,Duke Nalon
700.0,,scarborough,03/07/1914,American,2,,Carl Scarborough
701.0,,holland,18/12/1907,American,2,,Bill Holland
702.0,,bob_scott,04/10/1928,American,3,,Bob Scott
703.0,,legat,1898-11-01,Belgian,2,,Arthur Legat
704.0,,cabantous,08/10/1904,French,13,,Yves Cabantous
705.0,,crook,16/02/1920,British,2,,Tony Crook
706.0,,jimmy_stewart,06/03/1931,British,1,,Jimmy Stewart
707.0,,ian_stewart,15/07/1929,British,1,,Ian Stewart
708.0,,duncan_hamilton,30/04/1920,British,5,,Duncan Hamilton
709.0,,klodwig,23/05/1903,East German,2,,Ernst Klodwig
710.0,,krause,30/03/1907,East German,2,,Rudolf Krause
711.0,,karch,06/03/1917,German,1,,Oswald Karch
712.0,,heeks,13/02/1922,German,2,,Willi Heeks
713.0,,fitzau,10/02/1923,East German,1,,Theo Fitzau
714.0,,adolff,05/11/1921,German,1,,Kurt Adolff
715.0,,bechem,21/12/1921,German,2,,GÌ_nther Bechem
716.0,,bauer,17/07/1912,German,1,,Erwin Bauer
717.0,,hans_stuck,27/12/1900,German,4,,Hans von Stuck
718.0,,loof,04/07/1907,German,1,,Ernst Loof
719.0,,scherrer,28/02/1908,Swiss,1,,Albert Scherrer
720.0,,terra,06/10/1918,Swiss,2,,Max de Terra
721.0,,hirt,30/03/1910,Swiss,5,,Peter Hirt
722.0,,carini,06/03/1921,Italian,3,,Piero Carini
723.0,,fischer,19/04/1912,Swiss,7,,Rudi Fischer
724.0,,ulmen,25/01/1906,German,2,,Toni Ulmen
725.0,,abecassis,21/03/1913,British,2,,George Abecassis
726.0,,george_connor,16/08/1906,American,3,,George Connor
727.0,,rigsby,06/06/1923,American,1,,Jim Rigsby
728.0,,james,23/05/1925,American,2,,Joe James
729.0,,schindler,06/03/1909,American,3,,Bill Schindler
730.0,,fonder,22/06/1917,American,2,,George Fonder
731.0,,banks,14/06/1913,American,3,,Henry Banks
732.0,,mcdowell,29/01/1915,American,3,,Johnny McDowell
733.0,,miller,19/07/1902,American,2,,Chet Miller
734.0,,ball,26/08/1925,American,2,,Bobby Ball
735.0,,tornaco,07/06/1927,Belgian,3,,Charles de Tornaco
736.0,,laurent,21/02/1913,Belgian,2,,Roger Laurent
737.0,,obrien,11/04/1908,American,1,,Robert O'Brien
738.0,,gaze,03/02/1920,Australian,4,,Tony Gaze
739.0,,charrington,23/06/1915,British,1,,Robin Montgomerie-Charrington
740.0,,comotti,24/07/1906,Italian,2,,Franco Comotti
741.0,,etancelin,1896-12-28,French,12,,Philippe Ìätancelin
742.0,,poore,19/08/1916,British,2,,Dennis Poore
743.0,,thompson,04/11/1919,British,1,,Eric Thompson
744.0,,downing,05/12/1917,British,2,,Ken Downing
745.0,,graham_whitehead,15/04/1922,British,1,,Graham Whitehead
746.0,,bianco,22/07/1916,Brazilian,4,,Gino Bianco
747.0,,murray,28/12/1909,British,4,,David Murray
748.0,,cantoni,04/10/1906,Uruguayan,3,,Eitel Cantoni
749.0,,aston,29/03/1900,British,3,,Bill Aston
750.0,,brudes,1899-10-15,German,1,,Adolf Brudes
751.0,,riess,11/07/1922,German,1,,Fritz Riess
752.0,,niedermayr,29/11/1915,German,1,,Helmut Niedermayr
753.0,,klenk,28/10/1919,German,1,,Hans Klenk
754.0,,balsa,01/01/1909,French,1,,Marcel Balsa
755.0,,schoeller,27/04/1902,Swiss,1,,Rudolf Schoeller
756.0,,pietsch,20/06/1911,German,3,,Paul Pietsch
757.0,,peters,16/09/1914,German,1,,Josef Peters
758.0,,lof,23/08/1919,Dutch,1,,Dries van der Lof
759.0,,flinterman,02/10/1919,Dutch,1,,Jan Flinterman
760.0,,dusio,1899-10-13,Italian,1,,Piero Dusio
761.0,,crespo,16/01/1920,Argentine,1,,Alberto Crespo
762.0,,rol,05/06/1908,Italian,5,,Franco Rol
763.0,,sanesi,28/03/1911,Italian,5,,Consalvo Sanesi
764.0,,guy_mairesse,10/08/1910,French,3,,Guy Mairesse
765.0,,louveau,25/01/1910,French,2,,Henri Louveau
766.0,1.0,wallard,07/09/1910,American,2,0.5,Lee Wallard
767.0,,forberg,04/03/1911,American,1,,Carl Forberg
768.0,,rose,26/05/1906,American,2,,Mauri Rose
769.0,,mackey,15/12/1927,American,1,,Bill Mackey
770.0,,green,30/09/1919,American,2,,Cecil Green
771.0,,walt_brown,30/12/1911,American,2,,Walt Brown
772.0,,hellings,14/09/1915,American,2,,Mack Hellings
773.0,,levegh,22/12/1905,French,6,,Pierre Levegh
774.0,,chaboud,12/04/1907,French,3,,EugÌ¬ne Chaboud
775.0,,gordini,20/05/1921,French,1,,Aldo Gordini
776.0,,kelly,13/03/1913,Irish,2,,Joe Kelly
777.0,,parker,22/09/1907,British,1,,Philip Fotheringham-Parker
778.0,,shawe_taylor,28/01/1915,British,2,,Brian Shawe Taylor
779.0,,john_james,10/05/1914,British,1,,John James
780.0,,branca,15/09/1916,Swiss,3,,Toni Branca
781.0,,richardson,21/08/1911,British,1,,Ken Richardson
782.0,,jover,23/11/1903,Spanish,1,,Juan Jover
783.0,,grignard,25/07/1905,French,1,,Georges Grignard
784.0,,hampshire,29/12/1917,British,2,,David Hampshire
785.0,,crossley,11/05/1921,British,2,,Geoff Crossley
786.0,1.0,fagioli,1898-06-09,Italian,7,0.14285714285714285,Luigi Fagioli
787.0,,harrison,06/07/1906,British,3,,Cuth Harrison
788.0,,fry,26/10/1915,British,1,,Joe Fry
789.0,,martin,24/03/1915,French,2,,EugÌ¬ne Martin
790.0,,leslie_johnson,22/03/1912,British,1,,Leslie Johnson
791.0,,biondetti,1898-08-18,Italian,1,,Clemente Biondetti
792.0,,pian,21/10/1912,Argentine,1,,Alfredo PiÌÁn
793.0,,sommer,31/08/1906,French,5,,Raymond Sommer
794.0,,chitwood,14/04/1912,American,1,,Joie Chitwood
795.0,,fohr,17/06/1912,American,1,,Myron Fohr
796.0,,ader,15/12/1913,American,1,,Walt Ader
797.0,,holmes,04/09/1920,American,2,,Jackie Holmes
798.0,,levrett,14/02/1914,American,1,,Bayliss Levrett
799.0,,jackson,25/07/1910,American,2,,Jimmy Jackson
800.0,,pagani,11/10/1911,Italian,1,,Nello Pagani
801.0,,pozzi,27/08/1909,French,1,,Charles Pozzi
802.0,,serafini,22/07/1909,Italian,1,,Dorino Serafini
803.0,,cantrell,31/01/1908,American,1,,Bill Cantrell
804.0,,mantz,18/09/1918,American,1,,Johnny Mantz
805.0,,kladis,10/02/1917,American,1,,Danny Kladis
806.0,,oscar_gonzalez,10/11/1923,Uruguayan,1,,ÌÒscar GonzÌÁlez
807.0,6.0,hulkenberg,19/08/1987,German,137,0.043795620437956206,Nico HÌ_lkenberg
808.0,1.0,petrov,08/09/1984,Russian,58,0.017241379310344827,Vitaly Petrov
810.0,,grassi,11/08/1984,Brazilian,19,,Lucas di Grassi
811.0,1.0,bruno_senna,15/10/1983,Brazilian,46,0.021739130434782608,Bruno Senna
812.0,,chandhok,19/01/1984,Indian,11,,Karun Chandhok
813.0,4.0,maldonado,09/03/1985,Venezuelan,96,0.041666666666666664,Pastor Maldonado
814.0,1.0,resta,16/04/1986,British,59,0.01694915254237288,Paul di Resta
815.0,3.0,perez,26/01/1990,Mexican,136,0.022058823529411766,Sergio PÌ©rez
816.0,1.0,ambrosio,27/12/1985,Belgian,20,0.05,JÌ©rÌ«me d'Ambrosio
817.0,9.0,ricciardo,01/07/1989,Australian,129,0.06976744186046512,Daniel Ricciardo
818.0,3.0,vergne,25/04/1990,French,58,0.05172413793103448,Jean-Ìäric Vergne
819.0,1.0,pic,15/02/1990,French,39,0.02564102564102564,Charles Pic
820.0,2.0,chilton,21/04/1991,British,35,0.05714285714285714,Max Chilton
821.0,1.0,gutierrez,05/08/1991,Mexican,59,0.01694915254237288,Esteban GutiÌ©rrez
822.0,6.0,bottas,28/08/1989,Finnish,98,0.061224489795918366,Valtteri Bottas
823.0,1.0,garde,25/04/1985,Dutch,19,0.05263157894736842,Giedo van der Garde
824.0,,jules_bianchi,03/08/1989,French,34,,Jules Bianchi
825.0,,kevin_magnussen,05/10/1992,Danish,61,,Kevin Magnussen
826.0,2.0,kvyat,26/04/1994,Russian,74,0.02702702702702703,Daniil Kvyat
827.0,,lotterer,19/11/1981,German,1,,AndrÌ© Lotterer
828.0,,ericsson,02/09/1990,Swedish,76,,Marcus Ericsson
829.0,,stevens,28/06/1991,British,19,,Will Stevens
830.0,5.0,max_verstappen,30/09/1997,Dutch,60,0.08333333333333333,Max Verstappen
831.0,,nasr,21/08/1992,Brazilian,40,,Felipe Nasr
832.0,4.0,sainz,01/09/1994,Spanish,60,0.06666666666666667,Carlos Sainz
833.0,,merhi,22/03/1991,Spanish,13,,Roberto Merhi
834.0,,rossi,25/09/1991,American,5,,Alexander Rossi
835.0,,jolyon_palmer,20/01/1991,British,37,,Jolyon Palmer
836.0,1.0,wehrlein,18/10/1994,German,39,0.02564102564102564,Pascal Wehrlein
837.0,,haryanto,22/01/1993,Indonesian,12,,Rio Haryanto
838.0,2.0,vandoorne,26/03/1992,Belgian,21,0.09523809523809523,Stoffel Vandoorne
839.0,2.0,ocon,17/09/1996,French,29,0.06896551724137931,Esteban Ocon
840.0,,stroll,29/10/1998,Canadian,20,,Lance Stroll
841.0,,giovinazzi,14/12/1993,Italian,2,,Antonio Giovinazzi
842.0,,gasly,07/02/1996,French,5,,Pierre Gasly
843.0,,brendon_hartley,10/11/1989,New Zealander,4,,Brendon Hartley
